"Name","ColorType","SVGLink","PNGLink","AILink","PSDLink"
"Calendar","Monocolor","https://raw.githubusercontent.com/chootugamble/RohansSVGs1/refs/heads/main/Icons/Monocolor/Calendar/Calendar.svg","https://raw.githubusercontent.com/chootugamble/RohansSVGs1/refs/heads/main/Icons/Monocolor/Calendar/Calendar.png","","https://raw.githubusercontent.com/chootugamble/RohansSVGs1/refs/heads/main/Icons/Monocolor/Calendar/Calendar.psd"
"CalendarMinimalist","Monocolor","https://raw.githubusercontent.com/chootugamble/RohansSVGs1/refs/heads/main/Icons/Monocolor/CalendarMinimalist/CalendarMinimalist.svg","https://raw.githubusercontent.com/chootugamble/RohansSVGs1/refs/heads/main/Icons/Monocolor/CalendarMinimalist/CalendarMinimalist.png","","https://raw.githubusercontent.com/chootugamble/RohansSVGs1/refs/heads/main/Icons/Monocolor/CalendarMinimalist/CalendarMinimalist.psd"
"CaretDown","Monocolor","https://raw.githubusercontent.com/chootugamble/RohansSVGs1/refs/heads/main/Icons/Monocolor/CaretDown/CaretDown-01.svg","https://raw.githubusercontent.com/chootugamble/RohansSVGs1/refs/heads/main/Icons/Monocolor/CaretDown/CaretDown.png","https://raw.githubusercontent.com/chootugamble/RohansSVGs1/refs/heads/main/Icons/Monocolor/CaretDown/CaretDown.ai",""
"CaretLeft","Monocolor","https://raw.githubusercontent.com/chootugamble/RohansSVGs1/refs/heads/main/Icons/Monocolor/CaretLeft/CaretLeft-01.svg","https://raw.githubusercontent.com/chootugamble/RohansSVGs1/refs/heads/main/Icons/Monocolor/CaretLeft/CaretLeft.png","https://raw.githubusercontent.com/chootugamble/RohansSVGs1/refs/heads/main/Icons/Monocolor/CaretLeft/CaretLeft.ai",""
"CaretRight","Monocolor","https://raw.githubusercontent.com/chootugamble/RohansSVGs1/refs/heads/main/Icons/Monocolor/CaretRight/CaretRight-01.svg","https://raw.githubusercontent.com/chootugamble/RohansSVGs1/refs/heads/main/Icons/Monocolor/CaretRight/CaretRight.png","https://raw.githubusercontent.com/chootugamble/RohansSVGs1/refs/heads/main/Icons/Monocolor/CaretRight/CaretRight.ai",""
"CaretUp","Monocolor","https://raw.githubusercontent.com/chootugamble/RohansSVGs1/refs/heads/main/Icons/Monocolor/CaretUp/CaretUp-01.svg","https://raw.githubusercontent.com/chootugamble/RohansSVGs1/refs/heads/main/Icons/Monocolor/CaretUp/CaretUp.png","https://raw.githubusercontent.com/chootugamble/RohansSVGs1/refs/heads/main/Icons/Monocolor/CaretUp/CaretUp.ai",""
"ChevronDown","Monocolor","https://raw.githubusercontent.com/chootugamble/RohansSVGs1/refs/heads/main/Icons/Monocolor/ChevronDown/ChevronDown.svg","https://raw.githubusercontent.com/chootugamble/RohansSVGs1/refs/heads/main/Icons/Monocolor/ChevronDown/ChevronDown.png","","https://raw.githubusercontent.com/chootugamble/RohansSVGs1/refs/heads/main/Icons/Monocolor/ChevronDown/ChevronDown.psd"
"ChevronLeft","Monocolor","https://raw.githubusercontent.com/chootugamble/RohansSVGs1/refs/heads/main/Icons/Monocolor/ChevronLeft/ChevronLeft.svg","https://raw.githubusercontent.com/chootugamble/RohansSVGs1/refs/heads/main/Icons/Monocolor/ChevronLeft/ChevronLeft.png","","https://raw.githubusercontent.com/chootugamble/RohansSVGs1/refs/heads/main/Icons/Monocolor/ChevronLeft/ChevronLeft.psd"
"ChevronRight","Monocolor","https://raw.githubusercontent.com/chootugamble/RohansSVGs1/refs/heads/main/Icons/Monocolor/ChevronRight/ChevronRight.svg","https://raw.githubusercontent.com/chootugamble/RohansSVGs1/refs/heads/main/Icons/Monocolor/ChevronRight/ChevronRight.png","","https://raw.githubusercontent.com/chootugamble/RohansSVGs1/refs/heads/main/Icons/Monocolor/ChevronRight/ChevronRight.psd"
"ChevronUp","Monocolor","https://raw.githubusercontent.com/chootugamble/RohansSVGs1/refs/heads/main/Icons/Monocolor/ChevronUp/ChevronUp.svg","https://raw.githubusercontent.com/chootugamble/RohansSVGs1/refs/heads/main/Icons/Monocolor/ChevronUp/ChevronUp.png","","https://raw.githubusercontent.com/chootugamble/RohansSVGs1/refs/heads/main/Icons/Monocolor/ChevronUp/ChevronUp.psd"
"CloseCircleOutline","Monocolor","https://raw.githubusercontent.com/chootugamble/RohansSVGs1/refs/heads/main/Icons/Monocolor/CloseCircleOutline/CloseCircleOutline.svg","https://raw.githubusercontent.com/chootugamble/RohansSVGs1/refs/heads/main/Icons/Monocolor/CloseCircleOutline/CloseCircleOutline.png","https://raw.githubusercontent.com/chootugamble/RohansSVGs1/refs/heads/main/Icons/Monocolor/CloseCircleOutline/CloseCircleOutline.ai",""
"Cutting","Monocolor","https://raw.githubusercontent.com/chootugamble/RohansSVGs1/refs/heads/main/Icons/Monocolor/Cutting/Cutting.svg","https://raw.githubusercontent.com/chootugamble/RohansSVGs1/refs/heads/main/Icons/Monocolor/Cutting/Cutting.png","https://raw.githubusercontent.com/chootugamble/RohansSVGs1/refs/heads/main/Icons/Monocolor/Cutting/Cutting.ai",""
"DoubleChevronDown","Monocolor","https://raw.githubusercontent.com/chootugamble/RohansSVGs1/refs/heads/main/Icons/Monocolor/DoubleChevronDown/DoubleChevronDown.svg","https://raw.githubusercontent.com/chootugamble/RohansSVGs1/refs/heads/main/Icons/Monocolor/DoubleChevronDown/DoubleChevronDown.png","","https://raw.githubusercontent.com/chootugamble/RohansSVGs1/refs/heads/main/Icons/Monocolor/DoubleChevronDown/DoubleChevronDown.psd"
"DoubleChevronLeft","Monocolor","https://raw.githubusercontent.com/chootugamble/RohansSVGs1/refs/heads/main/Icons/Monocolor/DoubleChevronLeft/DoubleChevronLeft.svg","https://raw.githubusercontent.com/chootugamble/RohansSVGs1/refs/heads/main/Icons/Monocolor/DoubleChevronLeft/DoubleChevronLeft.png","","https://raw.githubusercontent.com/chootugamble/RohansSVGs1/refs/heads/main/Icons/Monocolor/DoubleChevronLeft/DoubleChevronLeft.psd"
"DoubleChevronRight","Monocolor","https://raw.githubusercontent.com/chootugamble/RohansSVGs1/refs/heads/main/Icons/Monocolor/DoubleChevronRight/DoubleChevronRight.svg","https://raw.githubusercontent.com/chootugamble/RohansSVGs1/refs/heads/main/Icons/Monocolor/DoubleChevronRight/DoubleChevronRight.png","","https://raw.githubusercontent.com/chootugamble/RohansSVGs1/refs/heads/main/Icons/Monocolor/DoubleChevronRight/DoubleChevronRight.psd"
"DoubleChevronUp","Monocolor","https://raw.githubusercontent.com/chootugamble/RohansSVGs1/refs/heads/main/Icons/Monocolor/DoubleChevronUp/DoubleChevronUp.svg","https://raw.githubusercontent.com/chootugamble/RohansSVGs1/refs/heads/main/Icons/Monocolor/DoubleChevronUp/DoubleChevronUp.png","","https://raw.githubusercontent.com/chootugamble/RohansSVGs1/refs/heads/main/Icons/Monocolor/DoubleChevronUp/DoubleChevronUp.psd"
"EditFill","Monocolor","https://raw.githubusercontent.com/chootugamble/RohansSVGs1/refs/heads/main/Icons/Monocolor/EditFill/EditFill.svg","https://raw.githubusercontent.com/chootugamble/RohansSVGs1/refs/heads/main/Icons/Monocolor/EditFill/EditFill.png","https://raw.githubusercontent.com/chootugamble/RohansSVGs1/refs/heads/main/Icons/Monocolor/EditFill/EditFill.ai",""
"FluentAlbumAdd","Monocolor","https://raw.githubusercontent.com/chootugamble/RohansSVGs1/refs/heads/main/Icons/Monocolor/FluentAlbumAdd/FluentAlbumAdd.svg","https://raw.githubusercontent.com/chootugamble/RohansSVGs1/refs/heads/main/Icons/Monocolor/FluentAlbumAdd/FluentAlbumAdd.png","https://raw.githubusercontent.com/chootugamble/RohansSVGs1/refs/heads/main/Icons/Monocolor/FluentAlbumAdd/FluentAlbumAdd.ai",""
"FluentAttach","Monocolor","https://raw.githubusercontent.com/chootugamble/RohansSVGs1/refs/heads/main/Icons/Monocolor/FluentAttach/FluentAttach.svg","https://raw.githubusercontent.com/chootugamble/RohansSVGs1/refs/heads/main/Icons/Monocolor/FluentAttach/FluentAttach.png","https://raw.githubusercontent.com/chootugamble/RohansSVGs1/refs/heads/main/Icons/Monocolor/FluentAttach/FluentAttach.ai",""
"FluentBarcodeScanner","Monocolor","https://raw.githubusercontent.com/chootugamble/RohansSVGs1/refs/heads/main/Icons/Monocolor/FluentBarcodeScanner/FluentBarcodeScanner.svg","https://raw.githubusercontent.com/chootugamble/RohansSVGs1/refs/heads/main/Icons/Monocolor/FluentBarcodeScanner/FluentBarcodeScanner.png","https://raw.githubusercontent.com/chootugamble/RohansSVGs1/refs/heads/main/Icons/Monocolor/FluentBarcodeScanner/FluentBarcodeScanner.ai",""
"FluentBookSearch","Monocolor","https://raw.githubusercontent.com/chootugamble/RohansSVGs1/refs/heads/main/Icons/Monocolor/FluentBookSearch/FluentBookSearch.svg","https://raw.githubusercontent.com/chootugamble/RohansSVGs1/refs/heads/main/Icons/Monocolor/FluentBookSearch/FluentBookSearch.png","https://raw.githubusercontent.com/chootugamble/RohansSVGs1/refs/heads/main/Icons/Monocolor/FluentBookSearch/FluentBookSearch.ai",""
"FluentBoxSearch","Monocolor","https://raw.githubusercontent.com/chootugamble/RohansSVGs1/refs/heads/main/Icons/Monocolor/FluentBoxSearch/FluentBoxSearch.svg","https://raw.githubusercontent.com/chootugamble/RohansSVGs1/refs/heads/main/Icons/Monocolor/FluentBoxSearch/FluentBoxSearch.png","https://raw.githubusercontent.com/chootugamble/RohansSVGs1/refs/heads/main/Icons/Monocolor/FluentBoxSearch/FluentBoxSearch.ai",""
"FluentCamera","Monocolor","https://raw.githubusercontent.com/chootugamble/RohansSVGs1/refs/heads/main/Icons/Monocolor/FluentCamera/FluentCamera.svg","https://raw.githubusercontent.com/chootugamble/RohansSVGs1/refs/heads/main/Icons/Monocolor/FluentCamera/FluentCamera.png","https://raw.githubusercontent.com/chootugamble/RohansSVGs1/refs/heads/main/Icons/Monocolor/FluentCamera/FluentCamera.ai",""
"FluentChannelAdd","Monocolor","https://raw.githubusercontent.com/chootugamble/RohansSVGs1/refs/heads/main/Icons/Monocolor/FluentChannelAdd/FluentChannelAdd.svg","https://raw.githubusercontent.com/chootugamble/RohansSVGs1/refs/heads/main/Icons/Monocolor/FluentChannelAdd/FluentChannelAdd.png","https://raw.githubusercontent.com/chootugamble/RohansSVGs1/refs/heads/main/Icons/Monocolor/FluentChannelAdd/FluentChannelAdd.ai",""
"FluentCheckmarkLock","Monocolor","https://raw.githubusercontent.com/chootugamble/RohansSVGs1/refs/heads/main/Icons/Monocolor/FluentCheckmarkLock/FluentCheckmarkLock.svg","https://raw.githubusercontent.com/chootugamble/RohansSVGs1/refs/heads/main/Icons/Monocolor/FluentCheckmarkLock/FluentCheckmarkLock.png","https://raw.githubusercontent.com/chootugamble/RohansSVGs1/refs/heads/main/Icons/Monocolor/FluentCheckmarkLock/FluentCheckmarkLock.ai",""
"FluentCheckSync","Monocolor","https://raw.githubusercontent.com/chootugamble/RohansSVGs1/refs/heads/main/Icons/Monocolor/FluentCheckSync/FluentCheckSync.svg","https://raw.githubusercontent.com/chootugamble/RohansSVGs1/refs/heads/main/Icons/Monocolor/FluentCheckSync/FluentCheckSync.png","https://raw.githubusercontent.com/chootugamble/RohansSVGs1/refs/heads/main/Icons/Monocolor/FluentCheckSync/FluentCheckSync.ai",""
"FluentClipboardTask","Monocolor","https://raw.githubusercontent.com/chootugamble/RohansSVGs1/refs/heads/main/Icons/Monocolor/FluentClipboardTask/FluentClipboardTask.svg","https://raw.githubusercontent.com/chootugamble/RohansSVGs1/refs/heads/main/Icons/Monocolor/FluentClipboardTask/FluentClipboardTask.png","https://raw.githubusercontent.com/chootugamble/RohansSVGs1/refs/heads/main/Icons/Monocolor/FluentClipboardTask/FluentClipboardTask.ai",""
"FluentCopy","Monocolor","https://raw.githubusercontent.com/chootugamble/RohansSVGs1/refs/heads/main/Icons/Monocolor/FluentCopy/FluentCopy.svg","https://raw.githubusercontent.com/chootugamble/RohansSVGs1/refs/heads/main/Icons/Monocolor/FluentCopy/FluentCopy.png","https://raw.githubusercontent.com/chootugamble/RohansSVGs1/refs/heads/main/Icons/Monocolor/FluentCopy/FluentCopy.ai",""
"FluentCopyOutline","Monocolor","https://raw.githubusercontent.com/chootugamble/RohansSVGs1/refs/heads/main/Icons/Monocolor/FluentCopyOutline/FluentCopyOutline.svg","https://raw.githubusercontent.com/chootugamble/RohansSVGs1/refs/heads/main/Icons/Monocolor/FluentCopyOutline/FluentCopyOutline.png","https://raw.githubusercontent.com/chootugamble/RohansSVGs1/refs/heads/main/Icons/Monocolor/FluentCopyOutline/FluentCopyOutline.ai",""
"FluentDelete","Monocolor","https://raw.githubusercontent.com/chootugamble/RohansSVGs1/refs/heads/main/Icons/Monocolor/FluentDelete/FluentDelete.svg","https://raw.githubusercontent.com/chootugamble/RohansSVGs1/refs/heads/main/Icons/Monocolor/FluentDelete/FluentDelete.png","https://raw.githubusercontent.com/chootugamble/RohansSVGs1/refs/heads/main/Icons/Monocolor/FluentDelete/FluentDelete.ai",""
"FluentDeleteLines","Monocolor","https://raw.githubusercontent.com/chootugamble/RohansSVGs1/refs/heads/main/Icons/Monocolor/FluentDeleteLines/FluentDeleteLines.svg","https://raw.githubusercontent.com/chootugamble/RohansSVGs1/refs/heads/main/Icons/Monocolor/FluentDeleteLines/FluentDeleteLines.png","https://raw.githubusercontent.com/chootugamble/RohansSVGs1/refs/heads/main/Icons/Monocolor/FluentDeleteLines/FluentDeleteLines.ai",""
"FluentDocumentEdit","Monocolor","https://raw.githubusercontent.com/chootugamble/RohansSVGs1/refs/heads/main/Icons/Monocolor/FluentDocumentEdit/FluentDocumentEdit.svg","https://raw.githubusercontent.com/chootugamble/RohansSVGs1/refs/heads/main/Icons/Monocolor/FluentDocumentEdit/FluentDocumentEdit.png","https://raw.githubusercontent.com/chootugamble/RohansSVGs1/refs/heads/main/Icons/Monocolor/FluentDocumentEdit/FluentDocumentEdit.ai",""
"FluentDocumentSearch","Monocolor","https://raw.githubusercontent.com/chootugamble/RohansSVGs1/refs/heads/main/Icons/Monocolor/FluentDocumentSearch/FluentDocumentSearch.svg","https://raw.githubusercontent.com/chootugamble/RohansSVGs1/refs/heads/main/Icons/Monocolor/FluentDocumentSearch/FluentDocumentSearch.png","https://raw.githubusercontent.com/chootugamble/RohansSVGs1/refs/heads/main/Icons/Monocolor/FluentDocumentSearch/FluentDocumentSearch.ai",""
"FluentEdit","Monocolor","https://raw.githubusercontent.com/chootugamble/RohansSVGs1/refs/heads/main/Icons/Monocolor/FluentEdit/FluentEdit.svg","https://raw.githubusercontent.com/chootugamble/RohansSVGs1/refs/heads/main/Icons/Monocolor/FluentEdit/FluentEdit.png","https://raw.githubusercontent.com/chootugamble/RohansSVGs1/refs/heads/main/Icons/Monocolor/FluentEdit/FluentEdit.ai",""
"FluentFolderOpen","Monocolor","https://raw.githubusercontent.com/chootugamble/RohansSVGs1/refs/heads/main/Icons/Monocolor/FluentFolderOpen/FluentFolderOpen.svg","https://raw.githubusercontent.com/chootugamble/RohansSVGs1/refs/heads/main/Icons/Monocolor/FluentFolderOpen/FluentFolderOpen.png","https://raw.githubusercontent.com/chootugamble/RohansSVGs1/refs/heads/main/Icons/Monocolor/FluentFolderOpen/FluentFolderOpen.ai",""
"FluentInsert","Monocolor","https://raw.githubusercontent.com/chootugamble/RohansSVGs1/refs/heads/main/Icons/Monocolor/FluentInsert/FluentInsert.svg","https://raw.githubusercontent.com/chootugamble/RohansSVGs1/refs/heads/main/Icons/Monocolor/FluentInsert/FluentInsert.png","https://raw.githubusercontent.com/chootugamble/RohansSVGs1/refs/heads/main/Icons/Monocolor/FluentInsert/FluentInsert.ai",""
"FluentMailAdd","Monocolor","https://raw.githubusercontent.com/chootugamble/RohansSVGs1/refs/heads/main/Icons/Monocolor/FluentMailAdd/FluentMailAdd.svg","https://raw.githubusercontent.com/chootugamble/RohansSVGs1/refs/heads/main/Icons/Monocolor/FluentMailAdd/FluentMailAdd.png","https://raw.githubusercontent.com/chootugamble/RohansSVGs1/refs/heads/main/Icons/Monocolor/FluentMailAdd/FluentMailAdd.ai",""
"FluentMoreVertical","Monocolor","https://raw.githubusercontent.com/chootugamble/RohansSVGs1/refs/heads/main/Icons/Monocolor/FluentMoreVertical/FluentMoreVertical.svg","https://raw.githubusercontent.com/chootugamble/RohansSVGs1/refs/heads/main/Icons/Monocolor/FluentMoreVertical/FluentMoreVertical.png","https://raw.githubusercontent.com/chootugamble/RohansSVGs1/refs/heads/main/Icons/Monocolor/FluentMoreVertical/FluentMoreVertical.ai",""
"FluentPrint","Monocolor","https://raw.githubusercontent.com/chootugamble/RohansSVGs1/refs/heads/main/Icons/Monocolor/FluentPrint/FluentPrint.svg","https://raw.githubusercontent.com/chootugamble/RohansSVGs1/refs/heads/main/Icons/Monocolor/FluentPrint/FluentPrint.png","https://raw.githubusercontent.com/chootugamble/RohansSVGs1/refs/heads/main/Icons/Monocolor/FluentPrint/FluentPrint.ai",""
"FluentReceiptSearch","Monocolor","https://raw.githubusercontent.com/chootugamble/RohansSVGs1/refs/heads/main/Icons/Monocolor/FluentReceiptSearch/FluentReceiptSearch.svg","https://raw.githubusercontent.com/chootugamble/RohansSVGs1/refs/heads/main/Icons/Monocolor/FluentReceiptSearch/FluentReceiptSearch.png","https://raw.githubusercontent.com/chootugamble/RohansSVGs1/refs/heads/main/Icons/Monocolor/FluentReceiptSearch/FluentReceiptSearch.ai",""
"FluentSave","Monocolor","https://raw.githubusercontent.com/chootugamble/RohansSVGs1/refs/heads/main/Icons/Monocolor/FluentSave/FluentSave.svg","https://raw.githubusercontent.com/chootugamble/RohansSVGs1/refs/heads/main/Icons/Monocolor/FluentSave/FluentSave.png","https://raw.githubusercontent.com/chootugamble/RohansSVGs1/refs/heads/main/Icons/Monocolor/FluentSave/FluentSave.ai",""
"FluentScales","Monocolor","https://raw.githubusercontent.com/chootugamble/RohansSVGs1/refs/heads/main/Icons/Monocolor/FluentScales/FluentScales.svg","https://raw.githubusercontent.com/chootugamble/RohansSVGs1/refs/heads/main/Icons/Monocolor/FluentScales/FluentScales.png","https://raw.githubusercontent.com/chootugamble/RohansSVGs1/refs/heads/main/Icons/Monocolor/FluentScales/FluentScales.ai",""
"FluentSearch","Monocolor","https://raw.githubusercontent.com/chootugamble/RohansSVGs1/refs/heads/main/Icons/Monocolor/FluentSearch/FluentSearch.svg","https://raw.githubusercontent.com/chootugamble/RohansSVGs1/refs/heads/main/Icons/Monocolor/FluentSearch/FluentSearch.png","https://raw.githubusercontent.com/chootugamble/RohansSVGs1/refs/heads/main/Icons/Monocolor/FluentSearch/FluentSearch.ai",""
"FluentSearchSettings","Monocolor","https://raw.githubusercontent.com/chootugamble/RohansSVGs1/refs/heads/main/Icons/Monocolor/FluentSearchSettings/FluentSearchSettings.svg","https://raw.githubusercontent.com/chootugamble/RohansSVGs1/refs/heads/main/Icons/Monocolor/FluentSearchSettings/FluentSearchSettings.png","https://raw.githubusercontent.com/chootugamble/RohansSVGs1/refs/heads/main/Icons/Monocolor/FluentSearchSettings/FluentSearchSettings.ai",""
"FluentSettings","Monocolor","https://raw.githubusercontent.com/chootugamble/RohansSVGs1/refs/heads/main/Icons/Monocolor/FluentSettings/FluentSettings.svg","https://raw.githubusercontent.com/chootugamble/RohansSVGs1/refs/heads/main/Icons/Monocolor/FluentSettings/FluentSettings.png","https://raw.githubusercontent.com/chootugamble/RohansSVGs1/refs/heads/main/Icons/Monocolor/FluentSettings/FluentSettings.ai",""
"FluentTabAdd","Monocolor","https://raw.githubusercontent.com/chootugamble/RohansSVGs1/refs/heads/main/Icons/Monocolor/FluentTabAdd/FluentTabAdd.svg","https://raw.githubusercontent.com/chootugamble/RohansSVGs1/refs/heads/main/Icons/Monocolor/FluentTabAdd/FluentTabAdd.png","https://raw.githubusercontent.com/chootugamble/RohansSVGs1/refs/heads/main/Icons/Monocolor/FluentTabAdd/FluentTabAdd.ai",""
"FluentTabDesktopNewPage","Monocolor","https://raw.githubusercontent.com/chootugamble/RohansSVGs1/refs/heads/main/Icons/Monocolor/FluentTabDesktopNewPage/FluentTabDesktopNewPage.svg","https://raw.githubusercontent.com/chootugamble/RohansSVGs1/refs/heads/main/Icons/Monocolor/FluentTabDesktopNewPage/FluentTabDesktopNewPage.png","https://raw.githubusercontent.com/chootugamble/RohansSVGs1/refs/heads/main/Icons/Monocolor/FluentTabDesktopNewPage/FluentTabDesktopNewPage.ai",""
"FluentTableAdd","Monocolor","https://raw.githubusercontent.com/chootugamble/RohansSVGs1/refs/heads/main/Icons/Monocolor/FluentTableAdd/FluentTableAdd.svg","https://raw.githubusercontent.com/chootugamble/RohansSVGs1/refs/heads/main/Icons/Monocolor/FluentTableAdd/FluentTableAdd.png","https://raw.githubusercontent.com/chootugamble/RohansSVGs1/refs/heads/main/Icons/Monocolor/FluentTableAdd/FluentTableAdd.ai",""
"FluentTableDeleteRow","Monocolor","https://raw.githubusercontent.com/chootugamble/RohansSVGs1/refs/heads/main/Icons/Monocolor/FluentTableDeleteRow/FluentTableDeleteRow.svg","https://raw.githubusercontent.com/chootugamble/RohansSVGs1/refs/heads/main/Icons/Monocolor/FluentTableDeleteRow/FluentTableDeleteRow.png","https://raw.githubusercontent.com/chootugamble/RohansSVGs1/refs/heads/main/Icons/Monocolor/FluentTableDeleteRow/FluentTableDeleteRow.ai",""
"FluentTableDismiss","Monocolor","https://raw.githubusercontent.com/chootugamble/RohansSVGs1/refs/heads/main/Icons/Monocolor/FluentTableDismiss/FluentTableDismiss.svg","https://raw.githubusercontent.com/chootugamble/RohansSVGs1/refs/heads/main/Icons/Monocolor/FluentTableDismiss/FluentTableDismiss.png","https://raw.githubusercontent.com/chootugamble/RohansSVGs1/refs/heads/main/Icons/Monocolor/FluentTableDismiss/FluentTableDismiss.ai",""
"FluentTrayItemAdd","Monocolor","https://raw.githubusercontent.com/chootugamble/RohansSVGs1/refs/heads/main/Icons/Monocolor/FluentTrayItemAdd/FluentTrayItemAdd.svg","https://raw.githubusercontent.com/chootugamble/RohansSVGs1/refs/heads/main/Icons/Monocolor/FluentTrayItemAdd/FluentTrayItemAdd.png","https://raw.githubusercontent.com/chootugamble/RohansSVGs1/refs/heads/main/Icons/Monocolor/FluentTrayItemAdd/FluentTrayItemAdd.ai",""
"FluentUndo","Monocolor","https://raw.githubusercontent.com/chootugamble/RohansSVGs1/refs/heads/main/Icons/Monocolor/FluentUndo/FluentUndo.svg","https://raw.githubusercontent.com/chootugamble/RohansSVGs1/refs/heads/main/Icons/Monocolor/FluentUndo/FluentUndo.png","https://raw.githubusercontent.com/chootugamble/RohansSVGs1/refs/heads/main/Icons/Monocolor/FluentUndo/FluentUndo.ai",""
"FluentWindowNew","Monocolor","https://raw.githubusercontent.com/chootugamble/RohansSVGs1/refs/heads/main/Icons/Monocolor/FluentWindowNew/FluentWindowNew.svg","https://raw.githubusercontent.com/chootugamble/RohansSVGs1/refs/heads/main/Icons/Monocolor/FluentWindowNew/FluentWindowNew.png","https://raw.githubusercontent.com/chootugamble/RohansSVGs1/refs/heads/main/Icons/Monocolor/FluentWindowNew/FluentWindowNew.ai",""
"MenuFold","Monocolor","https://raw.githubusercontent.com/chootugamble/RohansSVGs1/refs/heads/main/Icons/Monocolor/MenuFold/MenuFold.svg","https://raw.githubusercontent.com/chootugamble/RohansSVGs1/refs/heads/main/Icons/Monocolor/MenuFold/MenuFold.png","","https://raw.githubusercontent.com/chootugamble/RohansSVGs1/refs/heads/main/Icons/Monocolor/MenuFold/MenuFold.psd"
"MenuUnFold","Monocolor","https://raw.githubusercontent.com/chootugamble/RohansSVGs1/refs/heads/main/Icons/Monocolor/MenuUnFold/MenuUnFold.svg","https://raw.githubusercontent.com/chootugamble/RohansSVGs1/refs/heads/main/Icons/Monocolor/MenuUnFold/MenuUnFold.png","","https://raw.githubusercontent.com/chootugamble/RohansSVGs1/refs/heads/main/Icons/Monocolor/MenuUnFold/MenuUnFold.psd"
"MinusCircleOutline","Monocolor","https://raw.githubusercontent.com/chootugamble/RohansSVGs1/refs/heads/main/Icons/Monocolor/MinusCircleOutline/MinusCircleOutline.svg","https://raw.githubusercontent.com/chootugamble/RohansSVGs1/refs/heads/main/Icons/Monocolor/MinusCircleOutline/MinusCircleOutline.png","https://raw.githubusercontent.com/chootugamble/RohansSVGs1/refs/heads/main/Icons/Monocolor/MinusCircleOutline/MinusCircleOutline.ai",""
"MinusFilled","Monocolor","https://raw.githubusercontent.com/chootugamble/RohansSVGs1/refs/heads/main/Icons/Monocolor/MinusFilled/MinusFilled.svg","https://raw.githubusercontent.com/chootugamble/RohansSVGs1/refs/heads/main/Icons/Monocolor/MinusFilled/MinusFilled.png","","https://raw.githubusercontent.com/chootugamble/RohansSVGs1/refs/heads/main/Icons/Monocolor/MinusFilled/MinusFilled.psd"
"More","Monocolor","https://raw.githubusercontent.com/chootugamble/RohansSVGs1/refs/heads/main/Icons/Monocolor/More/More.svg","https://raw.githubusercontent.com/chootugamble/RohansSVGs1/refs/heads/main/Icons/Monocolor/More/More.png","","https://raw.githubusercontent.com/chootugamble/RohansSVGs1/refs/heads/main/Icons/Monocolor/More/More.psd"
"Plus","Monocolor","https://raw.githubusercontent.com/chootugamble/RohansSVGs1/refs/heads/main/Icons/Monocolor/Plus/Plus.svg","https://raw.githubusercontent.com/chootugamble/RohansSVGs1/refs/heads/main/Icons/Monocolor/Plus/Plus.png","","https://raw.githubusercontent.com/chootugamble/RohansSVGs1/refs/heads/main/Icons/Monocolor/Plus/Plus.psd"
"PlusCircleOutline","Monocolor","https://raw.githubusercontent.com/chootugamble/RohansSVGs1/refs/heads/main/Icons/Monocolor/PlusCircleOutline/PlusCircleOutline.svg","https://raw.githubusercontent.com/chootugamble/RohansSVGs1/refs/heads/main/Icons/Monocolor/PlusCircleOutline/PlusCircleOutline.png","https://raw.githubusercontent.com/chootugamble/RohansSVGs1/refs/heads/main/Icons/Monocolor/PlusCircleOutline/PlusCircleOutline.ai",""
"PlusFilled","Monocolor","https://raw.githubusercontent.com/chootugamble/RohansSVGs1/refs/heads/main/Icons/Monocolor/PlusFilled/PlusFilled.svg","https://raw.githubusercontent.com/chootugamble/RohansSVGs1/refs/heads/main/Icons/Monocolor/PlusFilled/PlusFilled.png","https://raw.githubusercontent.com/chootugamble/RohansSVGs1/refs/heads/main/Icons/Monocolor/PlusFilled/PlusFilled.ai",""
"PlusSquareOutline","Monocolor","https://raw.githubusercontent.com/chootugamble/RohansSVGs1/refs/heads/main/Icons/Monocolor/PlusSquareOutline/PlusSquareOutline.svg","https://raw.githubusercontent.com/chootugamble/RohansSVGs1/refs/heads/main/Icons/Monocolor/PlusSquareOutline/PlusSquareOutline.png","https://raw.githubusercontent.com/chootugamble/RohansSVGs1/refs/heads/main/Icons/Monocolor/PlusSquareOutline/PlusSquareOutline.ai",""
"Reload","Monocolor","https://raw.githubusercontent.com/chootugamble/RohansSVGs1/refs/heads/main/Icons/Monocolor/Reload/Reload.svg","https://raw.githubusercontent.com/chootugamble/RohansSVGs1/refs/heads/main/Icons/Monocolor/Reload/Reload.png","https://raw.githubusercontent.com/chootugamble/RohansSVGs1/refs/heads/main/Icons/Monocolor/Reload/Reload.ai",""
"Rollback","Monocolor","https://raw.githubusercontent.com/chootugamble/RohansSVGs1/refs/heads/main/Icons/Monocolor/Rollback/Rollback.svg","https://raw.githubusercontent.com/chootugamble/RohansSVGs1/refs/heads/main/Icons/Monocolor/Rollback/Rollback.png","","https://raw.githubusercontent.com/chootugamble/RohansSVGs1/refs/heads/main/Icons/Monocolor/Rollback/Rollback.psd"
"Search","Monocolor","https://raw.githubusercontent.com/chootugamble/RohansSVGs1/refs/heads/main/Icons/Monocolor/Search/Search.svg","https://raw.githubusercontent.com/chootugamble/RohansSVGs1/refs/heads/main/Icons/Monocolor/Search/Search.png","","https://raw.githubusercontent.com/chootugamble/RohansSVGs1/refs/heads/main/Icons/Monocolor/Search/Search.psd"
"SortAscending","Monocolor","https://raw.githubusercontent.com/chootugamble/RohansSVGs1/refs/heads/main/Icons/Monocolor/SortAscending/SortAscending.svg","https://raw.githubusercontent.com/chootugamble/RohansSVGs1/refs/heads/main/Icons/Monocolor/SortAscending/SortAscending.png","https://raw.githubusercontent.com/chootugamble/RohansSVGs1/refs/heads/main/Icons/Monocolor/SortAscending/SortAscending.ai",""
"SortDescending","Monocolor","https://raw.githubusercontent.com/chootugamble/RohansSVGs1/refs/heads/main/Icons/Monocolor/SortDescending/SortDescending.svg","https://raw.githubusercontent.com/chootugamble/RohansSVGs1/refs/heads/main/Icons/Monocolor/SortDescending/SortDescending.png","https://raw.githubusercontent.com/chootugamble/RohansSVGs1/refs/heads/main/Icons/Monocolor/SortDescending/SortDescending.ai",""
"SquareMinus","Monocolor","https://raw.githubusercontent.com/chootugamble/RohansSVGs1/refs/heads/main/Icons/Monocolor/SquareMinus/SquareMinus.svg","https://raw.githubusercontent.com/chootugamble/RohansSVGs1/refs/heads/main/Icons/Monocolor/SquareMinus/SquareMinus.png","","https://raw.githubusercontent.com/chootugamble/RohansSVGs1/refs/heads/main/Icons/Monocolor/SquareMinus/SquareMinus.psd"
"SquarePlus","Monocolor","https://raw.githubusercontent.com/chootugamble/RohansSVGs1/refs/heads/main/Icons/Monocolor/SquarePlus/SquarePlus.svg","https://raw.githubusercontent.com/chootugamble/RohansSVGs1/refs/heads/main/Icons/Monocolor/SquarePlus/SquarePlus.png","","https://raw.githubusercontent.com/chootugamble/RohansSVGs1/refs/heads/main/Icons/Monocolor/SquarePlus/SquarePlus.psd"
"Upload","Monocolor","https://raw.githubusercontent.com/chootugamble/RohansSVGs1/refs/heads/main/Icons/Monocolor/Upload/Upload.svg","https://raw.githubusercontent.com/chootugamble/RohansSVGs1/refs/heads/main/Icons/Monocolor/Upload/Upload.png","","https://raw.githubusercontent.com/chootugamble/RohansSVGs1/refs/heads/main/Icons/Monocolor/Upload/Upload.psd"
"AddColor","Multicolor","https://raw.githubusercontent.com/chootugamble/RohansSVGs1/refs/heads/main/Icons/Multicolor/AddColor/AddColor.svg","https://raw.githubusercontent.com/chootugamble/RohansSVGs1/refs/heads/main/Icons/Multicolor/AddColor/AddColor.png","https://raw.githubusercontent.com/chootugamble/RohansSVGs1/refs/heads/main/Icons/Multicolor/AddColor/AddColor.ai",""
"AdvertisementPageColor","Multicolor","https://raw.githubusercontent.com/chootugamble/RohansSVGs1/refs/heads/main/Icons/Multicolor/AdvertisementPageColor/AdvertisementPageColor.svg","https://raw.githubusercontent.com/chootugamble/RohansSVGs1/refs/heads/main/Icons/Multicolor/AdvertisementPageColor/AdvertisementPageColor.png","https://raw.githubusercontent.com/chootugamble/RohansSVGs1/refs/heads/main/Icons/Multicolor/AdvertisementPageColor/AdvertisementPageColor.ai",""
"ArrowColorUp","Multicolor","https://raw.githubusercontent.com/chootugamble/RohansSVGs1/refs/heads/main/Icons/Multicolor/ArrowColorUp/ArrowColorUp.svg","https://raw.githubusercontent.com/chootugamble/RohansSVGs1/refs/heads/main/Icons/Multicolor/ArrowColorUp/ArrowColorUp.png","","https://raw.githubusercontent.com/chootugamble/RohansSVGs1/refs/heads/main/Icons/Multicolor/ArrowColorUp/ArrowColorUp.psd"
"BarcodeColor","Multicolor","https://raw.githubusercontent.com/chootugamble/RohansSVGs1/refs/heads/main/Icons/Multicolor/BarcodeColor/Barcode-01.svg","https://raw.githubusercontent.com/chootugamble/RohansSVGs1/refs/heads/main/Icons/Multicolor/BarcodeColor/Barcode.png","https://raw.githubusercontent.com/chootugamble/RohansSVGs1/refs/heads/main/Icons/Multicolor/BarcodeColor/Barcode.ai",""
"BarcodeReaderColor","Multicolor","https://raw.githubusercontent.com/chootugamble/RohansSVGs1/refs/heads/main/Icons/Multicolor/BarcodeReaderColor/BarcodeReaderColor.svg","https://raw.githubusercontent.com/chootugamble/RohansSVGs1/refs/heads/main/Icons/Multicolor/BarcodeReaderColor/BarcodeReaderColor.png","https://raw.githubusercontent.com/chootugamble/RohansSVGs1/refs/heads/main/Icons/Multicolor/BarcodeReaderColor/BarcodeReaderColor.ai",""
"BarcodeScannerColor","Multicolor","https://raw.githubusercontent.com/chootugamble/RohansSVGs1/refs/heads/main/Icons/Multicolor/BarcodeScannerColor/BarcodeScannerColor.svg","https://raw.githubusercontent.com/chootugamble/RohansSVGs1/refs/heads/main/Icons/Multicolor/BarcodeScannerColor/BarcodeScannerColor.png","https://raw.githubusercontent.com/chootugamble/RohansSVGs1/refs/heads/main/Icons/Multicolor/BarcodeScannerColor/BarcodeScannerColor.ai",""
"CameraColor","Multicolor","https://raw.githubusercontent.com/chootugamble/RohansSVGs1/refs/heads/main/Icons/Multicolor/CameraColor/CameraColor.svg","https://raw.githubusercontent.com/chootugamble/RohansSVGs1/refs/heads/main/Icons/Multicolor/CameraColor/CameraColor.png","https://raw.githubusercontent.com/chootugamble/RohansSVGs1/refs/heads/main/Icons/Multicolor/CameraColor/CameraColor.ai",""
"ChevronLeftColor","Multicolor","https://raw.githubusercontent.com/chootugamble/RohansSVGs1/refs/heads/main/Icons/Multicolor/ChevronLeftColor/ChevronLeftColor.svg","https://raw.githubusercontent.com/chootugamble/RohansSVGs1/refs/heads/main/Icons/Multicolor/ChevronLeftColor/ChevronLeftColor.png","https://raw.githubusercontent.com/chootugamble/RohansSVGs1/refs/heads/main/Icons/Multicolor/ChevronLeftColor/ChevronLeftColor.ai",""
"FilterColor","Multicolor","https://raw.githubusercontent.com/chootugamble/RohansSVGs1/refs/heads/main/Icons/Multicolor/FilterColor/FilterColor.svg","https://raw.githubusercontent.com/chootugamble/RohansSVGs1/refs/heads/main/Icons/Multicolor/FilterColor/FilterColor.png","","https://raw.githubusercontent.com/chootugamble/RohansSVGs1/refs/heads/main/Icons/Multicolor/FilterColor/FilterColor.psd"
"FolderColor","Multicolor","https://raw.githubusercontent.com/chootugamble/RohansSVGs1/refs/heads/main/Icons/Multicolor/FolderColor/FolderColor-01.svg","https://raw.githubusercontent.com/chootugamble/RohansSVGs1/refs/heads/main/Icons/Multicolor/FolderColor/FolderColor.png","https://raw.githubusercontent.com/chootugamble/RohansSVGs1/refs/heads/main/Icons/Multicolor/FolderColor/FolderColor.ai",""
"GradientCross","Multicolor","https://raw.githubusercontent.com/chootugamble/RohansSVGs1/refs/heads/main/Icons/Multicolor/GradientCross/GradientCross.svg","https://raw.githubusercontent.com/chootugamble/RohansSVGs1/refs/heads/main/Icons/Multicolor/GradientCross/GradientCross.png","","https://raw.githubusercontent.com/chootugamble/RohansSVGs1/refs/heads/main/Icons/Multicolor/GradientCross/GradientCross.psd"
"GreenTick","Multicolor","https://raw.githubusercontent.com/chootugamble/RohansSVGs1/refs/heads/main/Icons/Multicolor/GreenTick/GreenTick.svg","https://raw.githubusercontent.com/chootugamble/RohansSVGs1/refs/heads/main/Icons/Multicolor/GreenTick/GreenTick.png","","https://raw.githubusercontent.com/chootugamble/RohansSVGs1/refs/heads/main/Icons/Multicolor/GreenTick/GreenTick.psd"
"HomeColor","Multicolor","https://raw.githubusercontent.com/chootugamble/RohansSVGs1/refs/heads/main/Icons/Multicolor/HomeColor/HomeColor.svg","https://raw.githubusercontent.com/chootugamble/RohansSVGs1/refs/heads/main/Icons/Multicolor/HomeColor/HomeColor.png","https://raw.githubusercontent.com/chootugamble/RohansSVGs1/refs/heads/main/Icons/Multicolor/HomeColor/HomeColor.ai",""
"LabelColor","Multicolor","https://raw.githubusercontent.com/chootugamble/RohansSVGs1/refs/heads/main/Icons/Multicolor/LabelColor/LabelColor.svg","https://raw.githubusercontent.com/chootugamble/RohansSVGs1/refs/heads/main/Icons/Multicolor/LabelColor/LabelColor.png","https://raw.githubusercontent.com/chootugamble/RohansSVGs1/refs/heads/main/Icons/Multicolor/LabelColor/LabelColor.ai",""
"LabelShadowColor","Multicolor","https://raw.githubusercontent.com/chootugamble/RohansSVGs1/refs/heads/main/Icons/Multicolor/LabelShadowColor/LabelShadowColor.svg","https://raw.githubusercontent.com/chootugamble/RohansSVGs1/refs/heads/main/Icons/Multicolor/LabelShadowColor/LabelShadowColor.png","https://raw.githubusercontent.com/chootugamble/RohansSVGs1/refs/heads/main/Icons/Multicolor/LabelShadowColor/LabelShadowColor.ai",""
"LabelSquereColor","Multicolor","https://raw.githubusercontent.com/chootugamble/RohansSVGs1/refs/heads/main/Icons/Multicolor/LabelSquereColor/LabelSquereColor.svg","https://raw.githubusercontent.com/chootugamble/RohansSVGs1/refs/heads/main/Icons/Multicolor/LabelSquereColor/LabelSquereColor.png","https://raw.githubusercontent.com/chootugamble/RohansSVGs1/refs/heads/main/Icons/Multicolor/LabelSquereColor/LabelSquereColor.ai",""
"LogoutColor","Multicolor","https://raw.githubusercontent.com/chootugamble/RohansSVGs1/refs/heads/main/Icons/Multicolor/LogoutColor/LogoutColor.svg","https://raw.githubusercontent.com/chootugamble/RohansSVGs1/refs/heads/main/Icons/Multicolor/LogoutColor/LogoutColor.png","https://raw.githubusercontent.com/chootugamble/RohansSVGs1/refs/heads/main/Icons/Multicolor/LogoutColor/LogoutColor.ai",""
